-- autor
INSERT INTO autor (id_autor, jmeno, prijmeni) VALUES (4, 'Eduard', 'Dvořák');
INSERT INTO autor (id_autor, jmeno, prijmeni) VALUES (5, 'Ondřej', 'Sedláčková');
INSERT INTO autor (id_autor, jmeno, prijmeni) VALUES (6, 'Viktor', 'Slavík');
INSERT INTO autor (id_autor, jmeno, prijmeni) VALUES (7, 'Adam', 'Zemanová');
INSERT INTO autor (id_autor, jmeno, prijmeni) VALUES (8, 'Jolana', 'Kadlec');
INSERT INTO autor (id_autor, jmeno, prijmeni) VALUES (9, 'Šárka', 'Horváthová');
INSERT INTO autor (id_autor, jmeno, prijmeni) VALUES (10, 'Edita', 'Bednář');
INSERT INTO autor (id_autor, jmeno, prijmeni) VALUES (11, 'Albert', 'Bártová');
INSERT INTO autor (id_autor, jmeno, prijmeni) VALUES (12, 'Martina', 'Bárta');
INSERT INTO autor (id_autor, jmeno, prijmeni) VALUES (13, 'Hedvika', 'Horáková');
-- dodavatel
INSERT INTO dodavatel (id_dodavatel, nazev_firmy) VALUES (3, 'Valenta');
INSERT INTO dodavatel (id_dodavatel, nazev_firmy) VALUES (4, 'Sýkora');
INSERT INTO dodavatel (id_dodavatel, nazev_firmy) VALUES (5, 'Slavíková k.s.');
INSERT INTO dodavatel (id_dodavatel, nazev_firmy) VALUES (6, 'Vacková');
INSERT INTO dodavatel (id_dodavatel, nazev_firmy) VALUES (7, 'Kratochvílová o.s.');
-- zanr
INSERT INTO zanr (id_zanr, nazev, popis) VALUES (4, 'Horizont', 'Vytrhnout přitáhnout nízko.');
INSERT INTO zanr (id_zanr, nazev, popis) VALUES (5, 'Zvát', 'Zima tvůrce potenciální slabost.');
INSERT INTO zanr (id_zanr, nazev, popis) VALUES (6, 'Samostatně', 'Ml gymnázium hájit hladina resp zejména.');
INSERT INTO zanr (id_zanr, nazev, popis) VALUES (7, 'Celkem', 'Tamní účinnost mimořádný hodně zvyknout.');
INSERT INTO zanr (id_zanr, nazev, popis) VALUES (8, 'Kalhoty', 'Stadión víno časový organický karlovarský poloha posvátný.');
INSERT INTO zanr (id_zanr, nazev, popis) VALUES (9, 'Zase', 'Chystat podrobnost dole originál keř.');
INSERT INTO zanr (id_zanr, nazev, popis) VALUES (10, 'Odnést', 'Opouštět protestovat pouto sportovec zázrak cíl výročí.');
INSERT INTO zanr (id_zanr, nazev, popis) VALUES (11, 'Gesto', 'Klid údolí pošta doprovázet samotný infekce.');
-- vydavatelstvi
INSERT INTO vydavatelstvi (id_vydavatelstvi, nazev, popis) VALUES (3, 'Tomanová', 'Tvrzení vysoce přiznat přeprava klást samozřejmě.');
INSERT INTO vydavatelstvi (id_vydavatelstvi, nazev, popis) VALUES (4, 'Vlček Marková o.s.', 'Závodník spotřeba tah spoj ambice.');
INSERT INTO vydavatelstvi (id_vydavatelstvi, nazev, popis) VALUES (5, 'Sedlák Kříž o.s.', 'Setkat vstříc kvůli obnovit.');
INSERT INTO vydavatelstvi (id_vydavatelstvi, nazev, popis) VALUES (6, 'Vlček Jandová a.s.', 'Položit soubor vznikat.');
INSERT INTO vydavatelstvi (id_vydavatelstvi, nazev, popis) VALUES (7, 'Stejskalová', 'Přehled dlouhodobě televizor vybavit správní kdy.');
-- polozka
INSERT INTO polozka (id_polozka, nazev, cena_prodeje, cena_koupe, hmotnost, pocet_na_sklade, casova_narocnost, doporuceny_vek, obtiznost) VALUES (4, 'Padat Game', 1011, 854, 1.98, 7, '30–45 min', 8, 'Těžká');
INSERT INTO polozka (id_polozka, nazev, cena_prodeje, cena_koupe, hmotnost, pocet_na_sklade, casova_narocnost, doporuceny_vek, obtiznost) VALUES (5, 'Jindy Game', 683, 304, 1.68, 1, '15 min', 7, 'Lehká');
INSERT INTO polozka (id_polozka, nazev, cena_prodeje, cena_koupe, hmotnost, pocet_na_sklade, casova_narocnost, doporuceny_vek, obtiznost) VALUES (6, 'Ruka Game', 796, 438, 1.62, 22, '120+ min', 12, 'Lehká');
INSERT INTO polozka (id_polozka, nazev, cena_prodeje, cena_koupe, hmotnost, pocet_na_sklade, casova_narocnost, doporuceny_vek, obtiznost) VALUES (7, 'Způsobit Game', 901, 659, 2.02, 5, '60–90 min', 11, 'Střední');
INSERT INTO polozka (id_polozka, nazev, cena_prodeje, cena_koupe, hmotnost, pocet_na_sklade, casova_narocnost, doporuceny_vek, obtiznost) VALUES (8, 'Naklonit Arena', 569, 359, 0.7, 12, '15 min', 11, 'Střední');
INSERT INTO polozka (id_polozka, nazev, cena_prodeje, cena_koupe, hmotnost, pocet_na_sklade, casova_narocnost, doporuceny_vek, obtiznost) VALUES (9, 'Prostorový Game', 1053, 818, 1.96, 17, '15 min', 12, 'Lehká');
INSERT INTO polozka (id_polozka, nazev, cena_prodeje, cena_koupe, hmotnost, pocet_na_sklade, casova_narocnost, doporuceny_vek, obtiznost) VALUES (10, 'Židle Arena', 1015, 765, 1.65, 22, '15 min', 6, 'Těžká');
INSERT INTO polozka (id_polozka, nazev, cena_prodeje, cena_koupe, hmotnost, pocet_na_sklade, casova_narocnost, doporuceny_vek, obtiznost) VALUES (11, 'Užívání Game', 681, 433, 2.21, 27, '15 min', 12, 'Střední');
INSERT INTO polozka (id_polozka, nazev, cena_prodeje, cena_koupe, hmotnost, pocet_na_sklade, casova_narocnost, doporuceny_vek, obtiznost) VALUES (12, 'Spojovat Quest', 950, 664, 1.24, 6, '45–60 min', 16, 'Těžká');
INSERT INTO polozka (id_polozka, nazev, cena_prodeje, cena_koupe, hmotnost, pocet_na_sklade, casova_narocnost, doporuceny_vek, obtiznost) VALUES (13, 'Zahrát Quest', 460, 273, 0.83, 12, '45–60 min', 16, 'Těžká');
INSERT INTO polozka (id_polozka, nazev, cena_prodeje, cena_koupe, hmotnost, pocet_na_sklade, casova_narocnost, doporuceny_vek, obtiznost) VALUES (14, 'Mladík Arena', 982, 770, 2.19, 24, '15 min', 9, 'Lehká');
INSERT INTO polozka (id_polozka, nazev, cena_prodeje, cena_koupe, hmotnost, pocet_na_sklade, casova_narocnost, doporuceny_vek, obtiznost) VALUES (15, 'Asie Arena', 828, 523, 0.63, 29, '120+ min', 11, 'Lehká');
INSERT INTO polozka (id_polozka, nazev, cena_prodeje, cena_koupe, hmotnost, pocet_na_sklade, casova_narocnost, doporuceny_vek, obtiznost) VALUES (16, 'Dokument Battle', 1226, 871, 2.27, 20, '60–90 min', 8, 'Střední');
INSERT INTO polozka (id_polozka, nazev, cena_prodeje, cena_koupe, hmotnost, pocet_na_sklade, casova_narocnost, doporuceny_vek, obtiznost) VALUES (17, 'Individuální Arena', 568, 342, 1.99, 13, '120+ min', 12, 'Střední');
INSERT INTO polozka (id_polozka, nazev, cena_prodeje, cena_koupe, hmotnost, pocet_na_sklade, casova_narocnost, doporuceny_vek, obtiznost) VALUES (18, 'Výpověď Battle', 594, 424, 0.68, 1, '15 min', 8, 'Těžká');
INSERT INTO polozka (id_polozka, nazev, cena_prodeje, cena_koupe, hmotnost, pocet_na_sklade, casova_narocnost, doporuceny_vek, obtiznost) VALUES (19, 'Avšak Game', 679, 363, 1.27, 19, '60–90 min', 14, 'Střední');
INSERT INTO polozka (id_polozka, nazev, cena_prodeje, cena_koupe, hmotnost, pocet_na_sklade, casova_narocnost, doporuceny_vek, obtiznost) VALUES (20, 'Interiér Game', 871, 766, 1.86, 17, '45–60 min', 16, 'Střední');
INSERT INTO polozka (id_polozka, nazev, cena_prodeje, cena_koupe, hmotnost, pocet_na_sklade, casova_narocnost, doporuceny_vek, obtiznost) VALUES (21, 'Dopadnout Battle', 564, 314, 0.82, 0, '45–60 min', 14, 'Lehká');
INSERT INTO polozka (id_polozka, nazev, cena_prodeje, cena_koupe, hmotnost, pocet_na_sklade, casova_narocnost, doporuceny_vek, obtiznost) VALUES (22, 'Prudce Arena', 873, 719, 2.18, 16, '120+ min', 9, 'Lehká');
INSERT INTO polozka (id_polozka, nazev, cena_prodeje, cena_koupe, hmotnost, pocet_na_sklade, casova_narocnost, doporuceny_vek, obtiznost) VALUES (23, 'Terén Game', 764, 582, 1.7, 15, '15 min', 7, 'Střední');
-- polozka_autor
INSERT INTO polozka_autor (id_polozka, id_autor) VALUES (4, 7);
INSERT INTO polozka_autor (id_polozka, id_autor) VALUES (4, 4);
INSERT INTO polozka_autor (id_polozka, id_autor) VALUES (5, 13);
INSERT INTO polozka_autor (id_polozka, id_autor) VALUES (6, 5);
INSERT INTO polozka_autor (id_polozka, id_autor) VALUES (7, 5);
INSERT INTO polozka_autor (id_polozka, id_autor) VALUES (7, 12);
INSERT INTO polozka_autor (id_polozka, id_autor) VALUES (8, 6);
INSERT INTO polozka_autor (id_polozka, id_autor) VALUES (9, 12);
INSERT INTO polozka_autor (id_polozka, id_autor) VALUES (9, 6);
INSERT INTO polozka_autor (id_polozka, id_autor) VALUES (10, 12);
INSERT INTO polozka_autor (id_polozka, id_autor) VALUES (10, 10);
INSERT INTO polozka_autor (id_polozka, id_autor) VALUES (11, 12);
INSERT INTO polozka_autor (id_polozka, id_autor) VALUES (12, 8);
INSERT INTO polozka_autor (id_polozka, id_autor) VALUES (13, 9);
INSERT INTO polozka_autor (id_polozka, id_autor) VALUES (13, 11);
INSERT INTO polozka_autor (id_polozka, id_autor) VALUES (14, 5);
INSERT INTO polozka_autor (id_polozka, id_autor) VALUES (14, 7);
INSERT INTO polozka_autor (id_polozka, id_autor) VALUES (15, 5);
INSERT INTO polozka_autor (id_polozka, id_autor) VALUES (16, 4);
INSERT INTO polozka_autor (id_polozka, id_autor) VALUES (16, 12);
INSERT INTO polozka_autor (id_polozka, id_autor) VALUES (17, 13);
INSERT INTO polozka_autor (id_polozka, id_autor) VALUES (18, 4);
INSERT INTO polozka_autor (id_polozka, id_autor) VALUES (19, 4);
INSERT INTO polozka_autor (id_polozka, id_autor) VALUES (20, 5);
INSERT INTO polozka_autor (id_polozka, id_autor) VALUES (21, 9);
INSERT INTO polozka_autor (id_polozka, id_autor) VALUES (22, 12);
INSERT INTO polozka_autor (id_polozka, id_autor) VALUES (23, 8);
-- polozka_vydavatel
INSERT INTO polozka_vydavatel (id_polozka, id_vydavatelstvi) VALUES (4, 6);
INSERT INTO polozka_vydavatel (id_polozka, id_vydavatelstvi) VALUES (5, 4);
INSERT INTO polozka_vydavatel (id_polozka, id_vydavatelstvi) VALUES (6, 7);
INSERT INTO polozka_vydavatel (id_polozka, id_vydavatelstvi) VALUES (7, 4);
INSERT INTO polozka_vydavatel (id_polozka, id_vydavatelstvi) VALUES (8, 7);
INSERT INTO polozka_vydavatel (id_polozka, id_vydavatelstvi) VALUES (9, 7);
INSERT INTO polozka_vydavatel (id_polozka, id_vydavatelstvi) VALUES (10, 6);
INSERT INTO polozka_vydavatel (id_polozka, id_vydavatelstvi) VALUES (11, 4);
INSERT INTO polozka_vydavatel (id_polozka, id_vydavatelstvi) VALUES (12, 6);
INSERT INTO polozka_vydavatel (id_polozka, id_vydavatelstvi) VALUES (13, 6);
INSERT INTO polozka_vydavatel (id_polozka, id_vydavatelstvi) VALUES (14, 4);
INSERT INTO polozka_vydavatel (id_polozka, id_vydavatelstvi) VALUES (15, 3);
INSERT INTO polozka_vydavatel (id_polozka, id_vydavatelstvi) VALUES (16, 3);
INSERT INTO polozka_vydavatel (id_polozka, id_vydavatelstvi) VALUES (17, 6);
INSERT INTO polozka_vydavatel (id_polozka, id_vydavatelstvi) VALUES (18, 5);
INSERT INTO polozka_vydavatel (id_polozka, id_vydavatelstvi) VALUES (19, 6);
INSERT INTO polozka_vydavatel (id_polozka, id_vydavatelstvi) VALUES (20, 6);
INSERT INTO polozka_vydavatel (id_polozka, id_vydavatelstvi) VALUES (21, 6);
INSERT INTO polozka_vydavatel (id_polozka, id_vydavatelstvi) VALUES (22, 3);
INSERT INTO polozka_vydavatel (id_polozka, id_vydavatelstvi) VALUES (23, 3);
-- polozka_zanr
INSERT INTO polozka_zanr (id_polozka, id_zanr) VALUES (4, 10);
INSERT INTO polozka_zanr (id_polozka, id_zanr) VALUES (5, 5);
INSERT INTO polozka_zanr (id_polozka, id_zanr) VALUES (5, 11);
INSERT INTO polozka_zanr (id_polozka, id_zanr) VALUES (6, 7);
INSERT INTO polozka_zanr (id_polozka, id_zanr) VALUES (7, 6);
INSERT INTO polozka_zanr (id_polozka, id_zanr) VALUES (7, 7);
INSERT INTO polozka_zanr (id_polozka, id_zanr) VALUES (8, 8);
INSERT INTO polozka_zanr (id_polozka, id_zanr) VALUES (9, 7);
INSERT INTO polozka_zanr (id_polozka, id_zanr) VALUES (9, 10);
INSERT INTO polozka_zanr (id_polozka, id_zanr) VALUES (10, 11);
INSERT INTO polozka_zanr (id_polozka, id_zanr) VALUES (11, 4);
INSERT INTO polozka_zanr (id_polozka, id_zanr) VALUES (12, 5);
INSERT INTO polozka_zanr (id_polozka, id_zanr) VALUES (13, 6);
INSERT INTO polozka_zanr (id_polozka, id_zanr) VALUES (14, 11);
INSERT INTO polozka_zanr (id_polozka, id_zanr) VALUES (14, 7);
INSERT INTO polozka_zanr (id_polozka, id_zanr) VALUES (15, 10);
INSERT INTO polozka_zanr (id_polozka, id_zanr) VALUES (16, 6);
INSERT INTO polozka_zanr (id_polozka, id_zanr) VALUES (17, 4);
INSERT INTO polozka_zanr (id_polozka, id_zanr) VALUES (17, 7);
INSERT INTO polozka_zanr (id_polozka, id_zanr) VALUES (18, 11);
INSERT INTO polozka_zanr (id_polozka, id_zanr) VALUES (18, 6);
INSERT INTO polozka_zanr (id_polozka, id_zanr) VALUES (19, 11);
INSERT INTO polozka_zanr (id_polozka, id_zanr) VALUES (19, 5);
INSERT INTO polozka_zanr (id_polozka, id_zanr) VALUES (20, 8);
INSERT INTO polozka_zanr (id_polozka, id_zanr) VALUES (21, 4);
INSERT INTO polozka_zanr (id_polozka, id_zanr) VALUES (22, 9);
INSERT INTO polozka_zanr (id_polozka, id_zanr) VALUES (23, 4);
-- zakaznik
INSERT INTO zakaznik (id_zakaznik, jmeno, prijmeni, telefon, mobil, email) VALUES (3, 'Jana', 'Beránková', '00420 794 715 131', '+420 703 539 468', 'matejkovasvetlana@example.net');
INSERT INTO zakaznik (id_zakaznik, jmeno, prijmeni, telefon, mobil, email) VALUES (4, 'Arnošt', 'Tichý', '+420 604 249 589', '+420 735 622 820', 'machludvik@example.com');
INSERT INTO zakaznik (id_zakaznik, jmeno, prijmeni, telefon, mobil, email) VALUES (5, 'Jana', 'Čermák', '00420 603 414 249', '+420 703 003 519', 'vilem57@example.org');
INSERT INTO zakaznik (id_zakaznik, jmeno, prijmeni, telefon, mobil, email) VALUES (6, 'Klement', 'Slavíková', '+420 602 769 547', '+420 733 890 016', 'jindriskasedlackova@example.net');
INSERT INTO zakaznik (id_zakaznik, jmeno, prijmeni, telefon, mobil, email) VALUES (7, 'Rostislav', 'Stejskal', '00420 798 506 830', '00420 705 620 196', 'malamarie@example.com');
INSERT INTO zakaznik (id_zakaznik, jmeno, prijmeni, telefon, mobil, email) VALUES (8, 'Lada', 'Soukupová', '+420 605 574 060', '00420 730 614 018', 'fstrnadova@example.org');
INSERT INTO zakaznik (id_zakaznik, jmeno, prijmeni, telefon, mobil, email) VALUES (9, 'Květoslava', 'Mach', '+420 607 171 289', '00420 602 239 380', 'pavlicekignac@example.net');
INSERT INTO zakaznik (id_zakaznik, jmeno, prijmeni, telefon, mobil, email) VALUES (10, 'Otakar', 'Müllerová', '+420 702 586 864', '00420 606 193 557', 'davidsvec@example.com');
INSERT INTO zakaznik (id_zakaznik, jmeno, prijmeni, telefon, mobil, email) VALUES (11, 'Klára', 'Bílková', '+420 702 703 261', '+420 606 643 208', 'nemcovatereza@example.org');
INSERT INTO zakaznik (id_zakaznik, jmeno, prijmeni, telefon, mobil, email) VALUES (12, 'Blahoslav', 'Kovář', '00420 728 783 683', '00420 797 141 066', 'jakubdusek@example.org');
INSERT INTO zakaznik (id_zakaznik, jmeno, prijmeni, telefon, mobil, email) VALUES (13, 'Kateřina', 'Benešová', '00420 732 387 183', '+420 604 181 639', 'ismidova@example.net');
INSERT INTO zakaznik (id_zakaznik, jmeno, prijmeni, telefon, mobil, email) VALUES (14, 'Milena', 'Fiala', '00420 604 155 328', '00420 608 795 083', 'vacekmojmir@example.com');
INSERT INTO zakaznik (id_zakaznik, jmeno, prijmeni, telefon, mobil, email) VALUES (15, 'Stanislava', 'Kratochvílová', '+420 603 040 362', '+420 793 845 354', 'ilonanemeckova@example.net');
INSERT INTO zakaznik (id_zakaznik, jmeno, prijmeni, telefon, mobil, email) VALUES (16, 'Ctirad', 'Holub', '00420 605 154 124', '00420 703 553 188', 'veselajulie@example.net');
INSERT INTO zakaznik (id_zakaznik, jmeno, prijmeni, telefon, mobil, email) VALUES (17, 'Iva', 'Urbanová', '00420 604 203 951', '+420 604 796 210', 'marekbednar@example.com');
-- zakazka
INSERT INTO zakazka (id_zakazka, cas_prijeti, status, adresa_doruceni, forma_prevzeti, datum_odeslani, datum_doruceni, id_zakaznik) VALUES (3, '2025-03-10 10:39:02', 'Doručeno', 'K Vidouli 33, 693 31 Červený Kostelec', 'Kurýr', '2025-02-17', '2024-11-29', 11);
INSERT INTO zakazka (id_zakazka, cas_prijeti, status, adresa_doruceni, forma_prevzeti, datum_odeslani, datum_doruceni, id_zakaznik) VALUES (4, '2024-12-20 21:04:48', 'Doručeno', 'U Nové Dálnice 786, 470 13 Chabařovice', 'Zásilkovna', '2025-09-24', '2025-01-05', 3);
INSERT INTO zakazka (id_zakazka, cas_prijeti, status, adresa_doruceni, forma_prevzeti, datum_odeslani, datum_doruceni, id_zakaznik) VALUES (5, '2025-07-05 05:01:09', 'Doručeno', 'Kazín 317, 388 08 Přerov', 'Zásilkovna', '2025-02-24', '2025-01-09', 16);
INSERT INTO zakazka (id_zakazka, cas_prijeti, status, adresa_doruceni, forma_prevzeti, datum_odeslani, datum_doruceni, id_zakaznik) VALUES (6, '2025-08-13 16:48:33', 'Připraveno k odeslání', 'Ke Hrázi 867, 532 99 Praha', 'Zásilkovna', NULL, NULL, 12);
INSERT INTO zakazka (id_zakazka, cas_prijeti, status, adresa_doruceni, forma_prevzeti, datum_odeslani, datum_doruceni, id_zakaznik) VALUES (7, '2025-09-13 00:21:49', 'Přijato', 'Otradovická 1, 117 98 Habartov', 'Osobní odběr', NULL, NULL, 16);
INSERT INTO zakazka (id_zakazka, cas_prijeti, status, adresa_doruceni, forma_prevzeti, datum_odeslani, datum_doruceni, id_zakaznik) VALUES (8, '2025-02-20 10:11:31', 'Připraveno k odeslání', 'Slatiňanská 42, 289 35 Velká Bíteš', 'Kurýr', NULL, NULL, 4);
INSERT INTO zakazka (id_zakazka, cas_prijeti, status, adresa_doruceni, forma_prevzeti, datum_odeslani, datum_doruceni, id_zakaznik) VALUES (9, '2025-04-28 04:38:47', 'Doručeno', 'Musílkova 494, 661 28 Volary', 'Zásilkovna', '2025-11-23', '2025-09-04', 12);
INSERT INTO zakazka (id_zakazka, cas_prijeti, status, adresa_doruceni, forma_prevzeti, datum_odeslani, datum_doruceni, id_zakaznik) VALUES (10, '2025-08-25 21:29:30', 'Doručeno', 'Na Pěšině 7, 387 35 Ždírec nad Doubravou', 'Zásilkovna', '2025-06-09', '2025-10-16', 12);
INSERT INTO zakazka (id_zakazka, cas_prijeti, status, adresa_doruceni, forma_prevzeti, datum_odeslani, datum_doruceni, id_zakaznik) VALUES (11, '2025-10-21 16:12:58', 'Přijato', 'Branická 822, 276 11 Moravský Beroun', 'Kurýr', NULL, NULL, 13);
INSERT INTO zakazka (id_zakazka, cas_prijeti, status, adresa_doruceni, forma_prevzeti, datum_odeslani, datum_doruceni, id_zakaznik) VALUES (12, '2025-11-02 10:57:26', 'Doručeno', 'U Podjezdu 521, 711 58 Radnice', 'Osobní odběr', '2025-11-10', '2025-03-12', 11);
INSERT INTO zakazka (id_zakazka, cas_prijeti, status, adresa_doruceni, forma_prevzeti, datum_odeslani, datum_doruceni, id_zakaznik) VALUES (13, '2025-10-27 03:06:26', 'Odesláno', 'U Podjezdu 280, 550 51 Dolní Poustevna', 'Kurýr', '2025-08-23', NULL, 6);
INSERT INTO zakazka (id_zakazka, cas_prijeti, status, adresa_doruceni, forma_prevzeti, datum_odeslani, datum_doruceni, id_zakaznik) VALUES (14, '2025-08-27 00:16:15', 'Odesláno', 'Za Statky 1, 528 54 Kraslice', 'Zásilkovna', '2025-04-02', NULL, 7);
INSERT INTO zakazka (id_zakazka, cas_prijeti, status, adresa_doruceni, forma_prevzeti, datum_odeslani, datum_doruceni, id_zakaznik) VALUES (15, '2025-07-16 19:24:44', 'Vráceno', 'Medlovská 2, 105 60 Velké Hamry', 'Zásilkovna', NULL, NULL, 13);
INSERT INTO zakazka (id_zakazka, cas_prijeti, status, adresa_doruceni, forma_prevzeti, datum_odeslani, datum_doruceni, id_zakaznik) VALUES (16, '2025-08-01 13:52:32', 'Odesláno', 'Heydukova 993, 783 46 Rýmařov', 'Kurýr', '2025-03-09', NULL, 8);
INSERT INTO zakazka (id_zakazka, cas_prijeti, status, adresa_doruceni, forma_prevzeti, datum_odeslani, datum_doruceni, id_zakaznik) VALUES (17, '2025-10-16 11:56:47', 'Přijato', 'Krátký Lán 1, 183 63 Chvaletice', 'Zásilkovna', NULL, NULL, 10);
-- zakazka_polozka
INSERT INTO zakazka_polozka (id_zakazka, id_polozka, mnozstvi, cena_v_dobe_prodeje) VALUES (3, 6, 2, 796);
INSERT INTO zakazka_polozka (id_zakazka, id_polozka, mnozstvi, cena_v_dobe_prodeje) VALUES (4, 8, 3, 569);
INSERT INTO zakazka_polozka (id_zakazka, id_polozka, mnozstvi, cena_v_dobe_prodeje) VALUES (4, 6, 2, 796);
INSERT INTO zakazka_polozka (id_zakazka, id_polozka, mnozstvi, cena_v_dobe_prodeje) VALUES (4, 15, 3, 828);
INSERT INTO zakazka_polozka (id_zakazka, id_polozka, mnozstvi, cena_v_dobe_prodeje) VALUES (5, 18, 3, 594);
INSERT INTO zakazka_polozka (id_zakazka, id_polozka, mnozstvi, cena_v_dobe_prodeje) VALUES (5, 23, 1, 764);
INSERT INTO zakazka_polozka (id_zakazka, id_polozka, mnozstvi, cena_v_dobe_prodeje) VALUES (6, 7, 2, 901);
INSERT INTO zakazka_polozka (id_zakazka, id_polozka, mnozstvi, cena_v_dobe_prodeje) VALUES (6, 12, 1, 950);
INSERT INTO zakazka_polozka (id_zakazka, id_polozka, mnozstvi, cena_v_dobe_prodeje) VALUES (6, 7, 2, 901);
INSERT INTO zakazka_polozka (id_zakazka, id_polozka, mnozstvi, cena_v_dobe_prodeje) VALUES (7, 13, 2, 460);
INSERT INTO zakazka_polozka (id_zakazka, id_polozka, mnozstvi, cena_v_dobe_prodeje) VALUES (7, 14, 2, 982);
INSERT INTO zakazka_polozka (id_zakazka, id_polozka, mnozstvi, cena_v_dobe_prodeje) VALUES (7, 12, 4, 950);
INSERT INTO zakazka_polozka (id_zakazka, id_polozka, mnozstvi, cena_v_dobe_prodeje) VALUES (8, 5, 1, 683);
INSERT INTO zakazka_polozka (id_zakazka, id_polozka, mnozstvi, cena_v_dobe_prodeje) VALUES (8, 17, 3, 568);
INSERT INTO zakazka_polozka (id_zakazka, id_polozka, mnozstvi, cena_v_dobe_prodeje) VALUES (8, 5, 1, 683);
INSERT INTO zakazka_polozka (id_zakazka, id_polozka, mnozstvi, cena_v_dobe_prodeje) VALUES (9, 8, 3, 569);
INSERT INTO zakazka_polozka (id_zakazka, id_polozka, mnozstvi, cena_v_dobe_prodeje) VALUES (9, 9, 4, 1053);
INSERT INTO zakazka_polozka (id_zakazka, id_polozka, mnozstvi, cena_v_dobe_prodeje) VALUES (9, 21, 4, 564);
INSERT INTO zakazka_polozka (id_zakazka, id_polozka, mnozstvi, cena_v_dobe_prodeje) VALUES (10, 7, 1, 901);
INSERT INTO zakazka_polozka (id_zakazka, id_polozka, mnozstvi, cena_v_dobe_prodeje) VALUES (11, 21, 1, 564);
INSERT INTO zakazka_polozka (id_zakazka, id_polozka, mnozstvi, cena_v_dobe_prodeje) VALUES (11, 15, 2, 828);
INSERT INTO zakazka_polozka (id_zakazka, id_polozka, mnozstvi, cena_v_dobe_prodeje) VALUES (12, 8, 1, 569);
INSERT INTO zakazka_polozka (id_zakazka, id_polozka, mnozstvi, cena_v_dobe_prodeje) VALUES (12, 13, 3, 460);
INSERT INTO zakazka_polozka (id_zakazka, id_polozka, mnozstvi, cena_v_dobe_prodeje) VALUES (12, 5, 3, 683);
INSERT INTO zakazka_polozka (id_zakazka, id_polozka, mnozstvi, cena_v_dobe_prodeje) VALUES (12, 10, 2, 1015);
INSERT INTO zakazka_polozka (id_zakazka, id_polozka, mnozstvi, cena_v_dobe_prodeje) VALUES (13, 15, 4, 828);
INSERT INTO zakazka_polozka (id_zakazka, id_polozka, mnozstvi, cena_v_dobe_prodeje) VALUES (14, 11, 2, 681);
INSERT INTO zakazka_polozka (id_zakazka, id_polozka, mnozstvi, cena_v_dobe_prodeje) VALUES (14, 9, 4, 1053);
INSERT INTO zakazka_polozka (id_zakazka, id_polozka, mnozstvi, cena_v_dobe_prodeje) VALUES (15, 9, 3, 1053);
INSERT INTO zakazka_polozka (id_zakazka, id_polozka, mnozstvi, cena_v_dobe_prodeje) VALUES (16, 11, 3, 681);
INSERT INTO zakazka_polozka (id_zakazka, id_polozka, mnozstvi, cena_v_dobe_prodeje) VALUES (16, 9, 1, 1053);
INSERT INTO zakazka_polozka (id_zakazka, id_polozka, mnozstvi, cena_v_dobe_prodeje) VALUES (16, 16, 1, 1226);
INSERT INTO zakazka_polozka (id_zakazka, id_polozka, mnozstvi, cena_v_dobe_prodeje) VALUES (16, 19, 2, 679);
INSERT INTO zakazka_polozka (id_zakazka, id_polozka, mnozstvi, cena_v_dobe_prodeje) VALUES (17, 18, 3, 594);
INSERT INTO zakazka_polozka (id_zakazka, id_polozka, mnozstvi, cena_v_dobe_prodeje) VALUES (17, 13, 2, 460);
-- objednavka
INSERT INTO objednavka (id_objednavka, id_dodavatel, status, datum_prevzeti) VALUES (3, 3, 'Vyřízena', '2025-09-13');
INSERT INTO objednavka (id_objednavka, id_dodavatel, status, datum_prevzeti) VALUES (4, 6, 'Vyřízena', '2025-01-25');
INSERT INTO objednavka (id_objednavka, id_dodavatel, status, datum_prevzeti) VALUES (5, 5, 'Čeká na dodání', NULL);
INSERT INTO objednavka (id_objednavka, id_dodavatel, status, datum_prevzeti) VALUES (6, 5, 'Vyřízena', '2025-10-12');
INSERT INTO objednavka (id_objednavka, id_dodavatel, status, datum_prevzeti) VALUES (7, 7, 'Čeká na dodání', NULL);
INSERT INTO objednavka (id_objednavka, id_dodavatel, status, datum_prevzeti) VALUES (8, 7, 'Čeká na dodání', NULL);
INSERT INTO objednavka (id_objednavka, id_dodavatel, status, datum_prevzeti) VALUES (9, 3, 'Čeká na dodání', NULL);
-- objednavka_polozka
INSERT INTO objednavka_polozka (id_objednavka, id_polozka, mnozstvi, cena_za_kus, datum_prevzeti) VALUES (3, 12, 16, 664, '2025-01-18');
INSERT INTO objednavka_polozka (id_objednavka, id_polozka, mnozstvi, cena_za_kus, datum_prevzeti) VALUES (4, 5, 11, 304, '2024-12-13');
INSERT INTO objednavka_polozka (id_objednavka, id_polozka, mnozstvi, cena_za_kus, datum_prevzeti) VALUES (4, 23, 32, 582, '2025-09-20');
INSERT INTO objednavka_polozka (id_objednavka, id_polozka, mnozstvi, cena_za_kus, datum_prevzeti) VALUES (4, 15, 25, 523, '2025-09-08');
INSERT INTO objednavka_polozka (id_objednavka, id_polozka, mnozstvi, cena_za_kus, datum_prevzeti) VALUES (5, 23, 37, 582, '2025-10-11');
INSERT INTO objednavka_polozka (id_objednavka, id_polozka, mnozstvi, cena_za_kus, datum_prevzeti) VALUES (5, 7, 29, 659, '2025-11-24');
INSERT INTO objednavka_polozka (id_objednavka, id_polozka, mnozstvi, cena_za_kus, datum_prevzeti) VALUES (5, 22, 17, 719, '2024-12-29');
INSERT INTO objednavka_polozka (id_objednavka, id_polozka, mnozstvi, cena_za_kus, datum_prevzeti) VALUES (5, 12, 7, 664, '2025-11-17');
INSERT INTO objednavka_polozka (id_objednavka, id_polozka, mnozstvi, cena_za_kus, datum_prevzeti) VALUES (6, 4, 38, 854, '2025-05-12');
INSERT INTO objednavka_polozka (id_objednavka, id_polozka, mnozstvi, cena_za_kus, datum_prevzeti) VALUES (6, 21, 48, 314, '2024-12-24');
INSERT INTO objednavka_polozka (id_objednavka, id_polozka, mnozstvi, cena_za_kus, datum_prevzeti) VALUES (6, 10, 28, 765, '2025-09-30');
INSERT INTO objednavka_polozka (id_objednavka, id_polozka, mnozstvi, cena_za_kus, datum_prevzeti) VALUES (6, 17, 9, 342, '2025-01-09');
INSERT INTO objednavka_polozka (id_objednavka, id_polozka, mnozstvi, cena_za_kus, datum_prevzeti) VALUES (7, 23, 25, 582, '2025-03-23');
INSERT INTO objednavka_polozka (id_objednavka, id_polozka, mnozstvi, cena_za_kus, datum_prevzeti) VALUES (7, 7, 24, 659, '2025-09-16');
INSERT INTO objednavka_polozka (id_objednavka, id_polozka, mnozstvi, cena_za_kus, datum_prevzeti) VALUES (7, 20, 24, 766, '2024-12-26');
INSERT INTO objednavka_polozka (id_objednavka, id_polozka, mnozstvi, cena_za_kus, datum_prevzeti) VALUES (8, 14, 30, 770, '2025-10-17');
INSERT INTO objednavka_polozka (id_objednavka, id_polozka, mnozstvi, cena_za_kus, datum_prevzeti) VALUES (8, 13, 40, 273, '2025-06-07');
INSERT INTO objednavka_polozka (id_objednavka, id_polozka, mnozstvi, cena_za_kus, datum_prevzeti) VALUES (8, 8, 17, 359, '2025-08-17');
INSERT INTO objednavka_polozka (id_objednavka, id_polozka, mnozstvi, cena_za_kus, datum_prevzeti) VALUES (8, 17, 47, 342, '2025-08-25');
INSERT INTO objednavka_polozka (id_objednavka, id_polozka, mnozstvi, cena_za_kus, datum_prevzeti) VALUES (9, 9, 44, 818, '2025-01-19');
INSERT INTO objednavka_polozka (id_objednavka, id_polozka, mnozstvi, cena_za_kus, datum_prevzeti) VALUES (9, 22, 24, 719, '2025-07-17');
INSERT INTO objednavka_polozka (id_objednavka, id_polozka, mnozstvi, cena_za_kus, datum_prevzeti) VALUES (9, 16, 40, 871, '2025-08-02');
INSERT INTO objednavka_polozka (id_objednavka, id_polozka, mnozstvi, cena_za_kus, datum_prevzeti) VALUES (9, 4, 24, 854, '2025-10-13');
